t-shirt name, price, image
Swagat Toh Karo Hamara Half Sleeve T-Shirt,359,https://images.bewakoof.com/web/b-coin-gold-3x.png,
Gym Karo Half Sleeve T-Shirt,247,https://images.bewakoof.com/web/b-coin-gold-3x.png,
Swagat Toh Karo Hamara Half Sleeve T-Shirt,359,https://images.bewakoof.com/web/b-coin-gold-3x.png,
Baap Hoon Tera Full Sleeve T-Shirt,399,https://images.bewakoof.com/web/b-coin-gold-3x.png,
Pehli Fursat Mein Nikal Full Sleeve T-Shirt,284,https://images.bewakoof.com/web/b-coin-gold-3x.png,
Swagat Toh Karo Hamara Full Sleeve T-Shirt,399,https://images.bewakoof.com/web/b-coin-gold-3x.png,
Dost Mujhe Sudharne Nahi Dete Half Sleeve T-Shirt,359,https://images.bewakoof.com/web/b-coin-gold-3x.png,
Gym Karo Full Sleeve T-Shirt,292,https://images.bewakoof.com/web/b-coin-gold-3x.png,
Dost Mujhe Sudharne Nahi Dete Full Sleeve T-Shirt,399,https://images.bewakoof.com/web/b-coin-gold-3x.png,
Safarnama Full Sleeve T-Shirt,292,https://images.bewakoof.com/web/b-coin-gold-3x.png,
Dimaag Garam Half Sleeve T-Shirt,251,https://images.bewakoof.com/web/b-coin-gold-3x.png,
Dost Mujhe Sudharne Nahi Dete Half Sleeve T-Shirt,359,https://images.bewakoof.com/web/b-coin-gold-3x.png,
Time Aayega Full Sleeve T-Shirt,292,https://images.bewakoof.com/web/b-coin-gold-3x.png,
Sirf Dost Half Sleeve T-Shirt,269,https://images.bewakoof.com/web/b-coin-gold-3x.png,
Dost Mujhe Sudharne Nahi Dete Full Sleeve T-Shirt,399,https://images.bewakoof.com/web/b-coin-gold-3x.png,
Wait And Watch Full Sleeve T-Shirt,284,https://images.bewakoof.com/web/b-coin-gold-3x.png,
Firse Pyaar Full Sleeve T-Shirt,399,https://images.bewakoof.com/web/b-coin-gold-3x.png,
Apna Time Ayega Full Sleeve T-Shirt,292,https://images.bewakoof.com/web/b-coin-gold-3x.png,
Baap Hoon Tera Half Sleeve T-Shirt,359,https://images.bewakoof.com/web/b-coin-gold-3x.png,
Zindagi Badi Honi Chahiye Half Sleeve T-Shirt,359,https://images.bewakoof.com/web/b-coin-gold-3x.png,
Aur Kitna Pressure Full Sleeve T-Shirt,399,https://images.bewakoof.com/web/b-coin-gold-3x.png,
Zindagi Badi Honi Chahiye Half Sleeve T-Shirt,359,https://images.bewakoof.com/web/b-coin-gold-3x.png,
Pehli Fursat Mein Nikal Half Sleeve T-Shirt,284,https://images.bewakoof.com/web/b-coin-gold-3x.png,
Zindagi Badi Honi Chahiye Full Sleeve T-Shirt,399,https://images.bewakoof.com/web/b-coin-gold-3x.png,
Aur Kitna Pressure Half Sleeve T-Shirt,359,https://images.bewakoof.com/web/b-coin-gold-3x.png,
Zindagi Badi Honi Chahiye Full Sleeve T-Shirt,399,https://images.bewakoof.com/web/b-coin-gold-3x.png,
Aur Kitna Pressure Full Sleeve T-Shirt,399,https://images.bewakoof.com/web/b-coin-gold-3x.png,
Ek Engineer Hoon Half Sleeve T-Shirt,426,https://images.bewakoof.com/web/b-coin-gold-3x.png,
Cute Shaanti Full Sleeve T-Shirt,284,https://images.bewakoof.com/web/b-coin-gold-3x.png,
Hamesha Late Half Sleeve T-Shirt,359,https://images.bewakoof.com/web/b-coin-gold-3x.png,
Apna Vibe Alag Hai Full Sleeve T-Shirt,399,https://images.bewakoof.com/web/b-coin-gold-3x.png,
Cute Shaanti Full Sleeve T-Shirt,284,https://images.bewakoof.com/web/b-coin-gold-3x.png,
Pehli Fursat Mein Nikal Half Sleeve T-Shirt,284,https://images.bewakoof.com/web/b-coin-gold-3x.png,
Cute Shaanti Half Sleeve T-Shirt,246,https://images.bewakoof.com/web/b-coin-gold-3x.png,
Chill Elements Half Sleeve T-Shirt,359,https://images.bewakoof.com/web/b-coin-gold-3x.png,
Musafir Doodle Half Sleeve T-Shirt,359,https://images.bewakoof.com/web/b-coin-gold-3x.png,
Cute Shaanti Half Sleeve T-Shirt,246,https://images.bewakoof.com/web/b-coin-gold-3x.png,
Haq Se Back Bencher Half Sleeve T-Shirt,359,https://images.bewakoof.com/web/b-coin-gold-3x.png,
Magarmach Full Sleeve T-Shirt,399,https://images.bewakoof.com/web/b-coin-gold-3x.png,
Ek Engineer Hoon Full Sleeve T-Shirt,399,https://images.bewakoof.com/web/b-coin-gold-3x.png,
Pehli Fursat Mein Nikal Half Sleeve T-Shirt,202,https://images.bewakoof.com/web/b-coin-gold-3x.png,
Bholenaath Full Sleeve T-Shirt,308,https://images.bewakoof.com/web/b-coin-gold-3x.png,
Apna Vibe Alag Hai Half Sleeve T-Shirt,359,https://images.bewakoof.com/web/b-coin-gold-3x.png,
Pehli Fursat Mein Nikal Full Sleeve T-Shirt,292,https://images.bewakoof.com/web/b-coin-gold-3x.png,
Jai Hind Doston Half Sleeve T-Shirt,359,https://images.bewakoof.com/web/b-coin-gold-3x.png,
Musafir Doodle Half Sleeve T-Shirt,359,https://images.bewakoof.com/web/b-coin-gold-3x.png,
Apna Vibe Alag Hai Half Sleeve T-Shirt,359,https://images.bewakoof.com/web/b-coin-gold-3x.png,
Haq Se Back Bencher Full Sleeve T-Shirt,399,https://images.bewakoof.com/web/b-coin-gold-3x.png,
Musafir Doodle Full Sleeve T-Shirt,399,https://images.bewakoof.com/web/b-coin-gold-3x.png,
